First Name,Last Name,SID,Email,Role,Section
Alexander,Zhang,A17516108,alz004@ucsd.edu,Student,cse-95---a00-739094
Allison,Wang,A17845024,alw036@ucsd.edu,Student,cse-95---a00-739094
Aniruddha,Dasu,A17467014,adasu@ucsd.edu,Student,cse-95---a00-739094
Anthony,Pertsel,A17363270,apertsel@ucsd.edu,Student,cse-95---a00-739094
Anthony,Tong,A17720195,a8tong@ucsd.edu,Student,cse-95---a00-739094
April,Huang,A17793749,aphuang@ucsd.edu,Student,cse-95---a00-739094
Arnav,Dandu,A17523899,adandu@ucsd.edu,Student,cse-95---a00-739094
Arvin,Zhang,A17331581,awzhang@ucsd.edu,Student,cse-95---a00-739094
Benny,Xie,A17465776,t8xie@ucsd.edu,Student,cse-95---a00-739094
Hannah,Coates,A17351598,hcoates@ucsd.edu,Student,cse-95---a00-739094
Haochen,Jiang,A17011224,haj003@ucsd.edu,Student,cse-95---a00-739094
Jaiden,Ekgasit,A17022101,eekgasit@ucsd.edu,Student,cse-95---a00-739094
Jesus,Gonzalez,A17425808,jag039@ucsd.edu,Student,cse-95---a00-739094
Jimmy,Ying,A17398484,jlying@ucsd.edu,Student,cse-95---a00-739094
Jose,Barcelo-Garcia,A17721335,jbarcelogarcia@ucsd.edu,Student,cse-95---a00-739094
Karen,Yan,A17855431,k2yan@ucsd.edu,Student,cse-95---a00-739094
Katelyn,Nguyen,A17817020,kan028@ucsd.edu,Student,cse-95---a00-739094
Kevin,Kim,A17079880,kyk011@ucsd.edu,Student,cse-95---a00-739094
Kevin,Yan,A16838244,keyan@ucsd.edu,Student,cse-95---a00-739094
Kile,Hsu,A17703042,kihsu@ucsd.edu,Student,cse-95---a00-739094
Maxwell,Urbina,A17887079,maurbina@ucsd.edu,Student,cse-95---a00-739094
Nora,Zajzon,A17710686,nzajzon@ucsd.edu,Student,cse-95---a00-739094
Ray,Tsai,A16848188,ratsai@ucsd.edu,Student,cse-95---a00-739094
Richard,Nie,A18400724,chnie@ucsd.edu,Student,cse-95---a00-739094
Roy,Martinez,A18112181,rmm003@ucsd.edu,Student,cse-95---a00-739094
Run,Wang,A17514078,ruw041@ucsd.edu,Student,cse-95---a00-739094
Sahana,Rangaraj,A17849242,srangaraj@ucsd.edu,Student,cse-95---a00-739094
Subash,Katel,A17193360,skatel@ucsd.edu,Student,cse-95---a00-739094
Tongzhou,Hu,A16875309,tohu@ucsd.edu,Student,cse-95---a00-739094
Tristan,Cooper,A17085814,tmcooper@ucsd.edu,Student,cse-95---a00-739094
Yen-Ru (Rebecca),Chen,A17873517,yec017@ucsd.edu,Student,cse-95---a00-739094
Yuan-Kai,Yang,A17745735,yuy080@ucsd.edu,Student,cse-95---a00-739094
Zoe,Gaidmore,A17708356,zgaidmore@ucsd.edu,Student,cse-95---a00-739094
